Text,Type
Packing ปิดไม่สนิท,1
Size ไม่มาตรฐาน,1
ก้นถุงรั่วค่ะ ,1
กรอบ เผ็ดกำลังดี ดูใหม่และสะอาด,0
กรอบ อร่อยมากค่ะ,0
กรอบดี ไม่เผ็ดไม่มันเกินไป ไม่เหม็นหืน​,0
กรอบรสชาติอร่อย,0
กรอบอร่อยดี ไม่เผ็ดมาก ของใหม่,0
กระป๋องบิดเบี้ยวมาเชียว,1
กระป๋องบุบหน่อยๆ,1
กระปุกบุบบี้มาทั้ง2กระปุกเลยค่ะ,1
กระปุกบู้บี้มาก น้ำมันเยิ้มๆ,1
กระปุกแฟ๊บบุบเป็นจำนวนมาก น่าจะมากกว่าครึ่ง,1
กล่องบุบบี้มาก ,1
กล่องบุบไปนิด ,1
กล่องบุบไม่ว่าแต่นี่มันเหม็นเหมือนมีขี้แมลงสาบปนอยู่อ่ะ,1
กล่องพริกบุบไปหลายอันอยู่ ,1
กล่องแพ็คมาอย่างดีไม่มีรอยบุบหรือยุบเลย ส่งมาเร็วมากๆ ,0
กล่องรู้สึกมันหน่อยๆ,1
"กล่องแอบบู้บี้นิดหน่อย 

",1
กลับมาสั่งอีกแน่นอน,0
กลับมาสั่งอีกแน่นอนค่ะ ,0
กลิ่นคาวปลาจะมากหน่อย ,1
กลิ่นเครื่องปรุงแรงไป ,1
กลิ่นชาหอมมากก,0
กลิ่นถั่วไม่เด่นค่ะ,1
กลิ่นแปลกๆ ,1
กลิ่นแรงไปหน่อย,1
กลิ่นเหม็นมาก ,1
ก้อให้ 5 ดาวไปเลยค่ะ,0
ก็โอเคอยู่ค่ะ ,0
การขนล่าช้ามากค่ะ ,1
การจัดส่งช้ากว่ากำหนด 3 วันค่ะ,1
การจัดส่งช้าไปหน่อย,1
การจัดส่งที่รวดเร็ว​ ขอบคุณ​ครับ​,0
การจัดส่งพัสดุเรียบร้อยดีเยี่ยม ,0
การจัดส่งรวดเร็ว สินค้าที่ได้รับก็ตรงตามที่สั่งซื้อ ถูกใจมากเลยค่ะ,0
การจัดส่งรวดเร็วมากมากครับ​ ,0
การจัดส่งสินค้าจากทางร้านรวดเร็ว ,0
การบริการของบริษัทชนส่งและพนักงานขนส่งบริการดีค่ะ,0
การแพ็คสินค้าถือว่าดีค่ะ ,0
การให้บริการจากขนส่งเคอรี่รวดเร็ว,0
การให้บริการจากบริษัทขนส่งดีมากค่าาาาา,0
การให้บริการจากบริษัทขนส่งแย่ ,1
การให้บริการจากร้านค้าแย่มาก,1
การให้บริการจากร้านค้าแย่มากๆ ,1
การให้บริการจากร้านค้าแย่มากมาก,1
การให้บริการไม่ประทับใจเลย ,1
กำลังแนะนำให้พี่สาวสั่งไปค่ะ,0
กินกับชา กาแฟกำลังดีเลย,0
กินได้ไม่เบื่อเลยค่ะ เพลินมากๆ รสชาติดี ,0
กินเปล่าๆก็เพลิน ,0
กินเพลิน ไม่หวานมาก  ,0
กินเพลินๆจะหมดถุงแล้ว ,0
กินเพลินครั้งเดียวหมดไปครึ่งถุง ,0
กินเพลินมาก รสชาติดี  ,0
กินไม่ได้เลยค่ะ ,1
กินแล้วไตวายแน่ๆๆๆ,1
กินแล้วมีกลิ่นเหม็นหืนนิดหน่อยค่ะ,1
กินแล้วสากๆ,1
กินแล้วอร่อยดีค่ะได้กลิ่นยีสต์,0
กินแล้วอารมณ์ค้างมากๆ,1
กินหมดแล้วจะสั่งเพิ่มนะคะ ,0
กุ้ง รสชาติเค็ม,1
กุ้งขนาดเล็ก ไม่เป็นไปตามรูปภาพ,1
กุ้งตัวไม่ใหญ่มาก สมราคาค่ะ ส่งเร็วดี,0
กุ้งตัวเล็กมากๆๆๆๆๆๆ ไม่เห็นเหมือนในรูปเลย ,1
กุ้งตัวเล็กมากยังกะกุ้งฝอย  ,1
กุ้งมีเปลือก และ ค่อนข้างเค็ม มีกลิ่น เนื้อไม่แน่นฝ่อๆ,1
กุนเชียงอร่อยดีค่ะ ไม่มีกลิ่นเหม็นคาวปลา ,0
เก็บได้ไม่นาน,1
เก็บไว้ได้ไม่นาน ,1
เก็บไว้สามวันก้มีราขึ้นแล้ว,1
เกินคาด ได้ของในวันถัดมา,0
เกินราคา,0
แกะง่าย อร่อยมาก,0
โกหก ใส่ไข่ โฆษณาไม่ตรงกับสินค้า ของเกรดต่ำทั้งเก่า ทั้งเม็ดฝ่อ เม็ดเล็ก เม็ดซีก ไม่ตรงกับที่แสดงสินค้าซักอย่าง,1
ขนมเจาะหูไม่ถูกปากเลย,1
ขนมเจาะหูยิ่งแย่ หวานมากและแข็ง,1
ขนมดู นุ่มนิ่มมีไส้มะพร้าว รสกลมกลอม อร่อยดี ชอบมากค่ะ ,0
ขนมดูอร่อยค่ะแบบที่คิดไว้เลย,0
ขนมตุ๊บตั๊บแพคมาดีค่ะ ,0
ขนมนุ่มมากๆๆๆๆๆค่ะ,0
ขนมปั้นสิบ แป้งบางกรอบหอมอร่อยดีค่ะ,0
ขนมมีแตกเสียหายค่ะ,1
ขนมไม่เสียหาย ,0
ขนมรสชาติดีค่ะ,0
ขนมรสชาติอร่อยทุกอย่างเลย ,0
ขนมรสชาติอร่อยมากๆ ,0
ขนมเหนียวไปหน่อย เคี้ยวยาก ,1
ขนมอร่อย แพ็คมาดี ,0
ขนมอร่อยมาก สดใหม่ ,0
ขนมอร่อยมากกกกกก ถูกใจมากก ,0
ขนมอาจจะมาช้าไปหน่อย แต่รสชาติอร่อย   ,0
ขนส่งเคอรี่บริการดีค่ะ,0
ขนส่งดีค่ะ รวดเร็ว ,0
ขนาดกับราคาเหมาะสมกันดี,0
ขนาดไม่เท่ากันค่ะ,1
ขนาดเล็กกว่าที่คิด ,1
ขวดยุ่ย,1
ของก็ ok ครับ ผ้านุ่มดี ,0
ของข้างในสภาพดีค่ะ อร่อยดี ,0
ของดีจริงๆนะคะ ,1
ของที่ได้คุ้มราคาดีมาก,0
ของมาถึงมีมดขึ้นด้วย ,1
ของไม่สด ไม่กรอบ  ,1
ของส่งช้า สินค้าที่ได้รับบุบบี้,1
ของใหม่ สด รสชาติดี ,0
ของใหม่ดีจร้าาาาา ชอบบๆๆๆๆๆๆๆจร้าาาาาาา,0
ขอเตือนว่า อย่าซื้อ,1
ขอบคุณ​ร้านค้ามากมากครับ สำหรับขนมที่อร่อย,0
ขอให้ 1 ดาวละกัน,1
ขาดคะ ,1
ขายของไม่ตรงกับแจ้งลูกค้าแบบนี้แย่ค่ะ ,1
ขายแบบนี้แย่นะคะ,1
ข้าวซอยตัดอร่อยมากกก นุ่มลิ้นหวานมัน,0
แข็ง หยาบ ไม่นิ่ม,1
แข็งไปนะคะ ,1
แข็งมาก ,1
แข็งหนา ,1
คงได้อุดหนุนบ่อยๆนะคะ,0
คงไม่อุดหนุนละค่ะ,1
คงไม่อุดหนุนอีกแน่นอน,1
คนแบบนี้ไม่ไหวจริงๆ,1
ครั้งนี้เป็นครั้งแรกที่ทาน อร่อยดีค่ะ หนึบ หอม ไม่หวานเกินด้วยค่ะ,0
ครั้งนี้เม็ดเล็กกว่าครั้งที่แล้วมากเลย  แถมมีเปลือกติดมาเยอะด้วย,1
คราวหน้าจะมาสั่งซื่ออีกคะ,0
คราวหน้าจะลองสั่งรสชาติอื่นบ้าง,0
ควรจะมีวันเดือนปีที่ผลิต และวันที่หมดอายุ ,1
ควรต้องลงโทษทางกฎหมาย จะได้ไม่ต้องโกหกแบบนี้ไปเรื่อยๆ ,1
ควรมีการตรวจเช็คให้ดีก่อนส่งครับ ,1
ความคุ้มค่าดีได้ปริมาณเยอะในราคาแบบนี้ ,0
ความคุ้มค่าแย่ ไม่ได้เรื่องเลย,1
ความคุ้มค่าแย่มาก ,1
ความคุ้มค่าแย่มาก อย่าขายดีกว่า,1
ความคุ้มค่าแย่มากๆ,1
ความคุ้มค่าแย่มากมาก,1
ความรวดเร็วในการจัดส่งช้ามาก,1
"ความรวดเร็วในการจัดส่งดีมาก 


",0
ความรวดเร็วในการจัดส่งแย่มาก,1
ความรวดเร็วในการจัดส่งแย่มาก ช้ามากกกกกกก,1
ความรวดเร็วในการจัดส่งสินค้าดีมาก ,0
ความสะอาดคือบางเม็ดมีสีขาวและเศษๆเปลือกปนเยอะ,1
ความหอมไม่มีเลย ฉุนมาก แต่แพ็คเกจสวย,1
"ค่อนข้าง ที่จะไม่ ok ในราคาสินค้า
",1
คอนเฟิร์มอีก1เสียง ว่าสินค้าดีมีคุณภาพจริงๆ,0
คาดว่าจะได้ใช้บริการครั้งต่อๆไป,0
ค่าส่งแพงว่ากว่าสินค้า  ,1
คิดเยอะๆคะ,1
คิดว่าเป็นกาละแม ผิดหวังค่ะ ,1
คิดว่าไม่กรอบ,1
คือช่วยตอบหน่อยได้ไหมค่ะ ว่าทำไมถึงส่งของหมดอายุมา ,1
คือดีงามค่ะ,0
คุณทำงานบริการไม่ควรทำกริยาแบบนี้ ,1
คุณภาพ ดีกว่าที่คาด ค่ะ,0
คุณภาพการจัดส่งไม่ดีครับ เพราะขวดแตก,1
คุณภาพของสินค้าดี  ความคุ้มค่าดี  ราคาไม่แพงเกินไปคุณภาพของสินค้าดี,0
"คุณภาพของสินค้าดีๆๆๆๆๆๆๆๆๆๆๆๆๆๆๆๆ บริษัทขนส่งดีๆๆๆๆๆๆๆๆๆๆๆๆๆๆๆๆๆๆ
ใส่ได้พอดีๆๆๆๆๆๆๆๆๆๆๆๆๆๆๆๆๆ",0
คุณภาพของสินค้าดีค่ะ ,0
คุณภาพของสินค้าดีค่ะ ไม่บางมาก ,0
คุณภาพของสินค้าดีมาก ความคุ้มค่าดีมาก ,0
คุณภาพของสินค้าดีมากๆ มีของแถมให้ด้วย,0
คุณภาพของสินค้าดีมากนะคะ สินค้าสดใหม่ไม่เหม็นหืนค่ะ ,0
คุณภาพของสินค้าบางเกิน ,1
คุณภาพของสินค้าไม่ค่อยดีค่ะ​ ,1
คุณภาพของสินค้าแย่ ,1
คุณภาพของสินค้าแย่ ไม่ดีเลย,1
คุณภาพของสินค้าแย่มาก ,1
คุณภาพของสินค้าแย่มาก เอามาขายได้ไง,1
คุณภาพถุงเท้าเกินราคามากค่าาา,0
คุณภาพไม่เหมือนกินสมัยแต่ก่อน รสเฝื่อนนิดๆ,1
คุณภาพสินค้าดี กรอบมัน ไม่เหม็นหืน แม่ค้าตอบรวดเร็วคะ แนะนำ,0
คุณภาพสินค้าดีนะคะ ราคาถูกกว่าร้านอื่นด้วย รสนี้อร่อยสุดค่ะ,0
คุณภาพสินค้าดีมาก คุ้มค่าดีมาก จัดส่งของได้รวดเร็ว ,0
คุณภาพสินค้าดีมาก ราคาถูก ,0
คุณภาพสินค้าดีมากเทียบกับราคา 5 ดาวคงไม่พอ ,0
คุณภาพ​สินค้า​น้อยลง,1
คุณภาพสินค้ารอบนี้ ด้อยกว่าที่ผ่านมา,1
คุณแม่ค้าน่ารักมากค่ะ พูดจาเพราะ สุภาพกับลูกค้ามากเลย,0
คุ้มเกินราคา,0
คุ้มค่ามากเลย,0
คุ้มคุ้มค่า  ,0
คุ้มจริงๆๆๆๆๆๆๆๆๆ ,0
คุ้มมมมมมมมมมมมมมมมมมมค่ามากกกกกกกกกกกกกกกกกก,0
คุ้มมากๆสินค้าดี,0
คุ้มมากค่ะ,0
เค็ม ไม่หอม,1
เค็มกำลังดี เนื้อนุ่มดีไม่แข็งมาก,0
เค็มเข้าเนื้อ เค็มมากๆๆๆๆๆๆๆๆๆๆๆๆๆๆๆๆๆๆๆ,1
เค็มไปหน่อย ถ้าเอาไปทอดจะเค็มมาก,1
เค็มมากๆ,1
"เค็มมากๆๆๆๆชูรสล้วนๆๆๆๆๆๆๆๆๆๆ

",1
เค็มสุดๆเค็มมากๆ ไม่ใช่อย่างที่แจ้งค่ะ ตัวค่อนข้างเล็ก,1
เครื่องแกงหอมมากๆค่ะ,0
เคอร์รี่มาฝากสินค้าไว้แต่ไม่ค่อยโทรแจ้ง ,1
เคี้ยวเพลิน ,0
เคี้ยวมันๆ ได้กลิ่นน้ำตาลอ่อนๆ ไม่หวานมาก อร่อยค่ะ ,0
แค่ตัวโหลบุบและมีเศษผงเปื้อนบนฝาด้วย ,1
ใครกินก็ติดใจ,0
ใครจะซื้อพิจารณาด้วยนะคะร้านนี้,1
งงมาก แถมไม่ตอบ ไม่มีความรับผิดชอบ แย่มาก ,1
งานเรียบร้อยดีค่ะ,0
จริงๆผิดหวังกับเปลือกถั่วไม่อ้าแกะยากมากๆมาหลายครั้ง​ควรปรับปรุงสักทีสิคะ,1
จะกลับมาซื้ออีกแน่นอน,0
จะกลับมาสั่งอีกแน่นอน ,0
จะซื้อตามตลาดยังใส่ถุงดีก่านี้,1
จะสั่งอีกแน่นอนค่ะอร่อยทุกอย่างค่ะ,0
จะอุดหนุนอีกคะ ,0
จัดส่งขนมอย่างรวดเร็ว  รสชาติขนมเหมือนกับขนมจาก ,0
จัดส่งช้า ไม่ทันใจ​ ,1
จัดส่งได้รวดเร็วค่ะ คุณภาพของสินค้าถือว่าดี  โดยรวมดีค่ะ,0
จัดส่งนับว่าเร็วประมาณ4-5วัน,0
จัดส่งนานเกิ๊น,1
จัดส่งรวดเร็ว ,0
จัดส่งรวดเร็วดี ,0
จัดส่งรวดเร็วดี การให้บริการจากร้านค้าดี ,0
จัดส่งเร็วดีมากกกกก รอบนี้ราคาดีมากๆ ถูกใจค่ะ ,0
จัดส่งไว แพ็คมาดี สั่งรอบสอง ,0
จัดส่งสินค้ารวดเร็ว​มาก​ทั้งจากร้านค้า​และKerry​ ,0
จี๊ดจ้าด สะใจ ใส้ติ่งสะดุ้ง,0
เจอแม่ค้ามาต่อว่า  ,1
เจอเส้นผมติดอยู่กับตัวขนมด้วยคะ หยุดกินเลยคะ,1
ชอบค่ะ รับปุ๊บกินไปครึ่งกระปุกละ,0
ชอบตรงเป้า2ชั้น ยืดได้เยอะ ใส่ไม่อึดอัด ,0
ชอบทานเล่น อร่อย เพลิน,0
ชอบที่ดูสะอาด ถ้าหมดแล้วจะกลับมาซื้ออีกค่ะ,0
ชอบมากกกกกกกครับ,0
ชอบมากค่ะ ด้านบริการขนส่ง พนักงานสุภาพเรียบร้อย,0
ชาก็หอม ,0
ชาเข้มดี สีก็เข้มด้วย ,0
ชาไม่หอมเลย ,1
ชาหอม และรสชาติดีมากค่ะ คุ้มค่ามาก ,0
ชาหอมจริงๆ ทำขายได้สบายเลย,0
ชาหอมมากค่ะ,0
ชาหอมอร่อยดี  ,0
ชิ้นค่อนข้างเล็ก แตก เป็นผง,1
ชิ้นพอเหมาะ คุ้มค่า คุ้มราคาจริงๆ,0
ซื้อ1โหลก็จะได้แต่ลายซ้ำๆ,1
ซื้อซ้ำแน่นอนเพราะถูกกว่าร้านอื่น ,0
ซื้อตอนโปรโมชั่นด้วยคุ้มสุดๆ ,0
ซื้อในช่วงจัดโปรได้ราคาพิเศษถูกมาก และใช้สิทธิ์ส่งฟรี ชอบสุดๆ,0
ซื้อมาไม่ผิดหวัง ,0
ซื้อร้านอื่นเลยคะ ,1
ไซต์เล็กกว่าปกติมาก,1
ไซร์เล็กไปหน่อยและเค็มมาก,1
ดำจนน่าตกใจค่ะ ,1
"ดีค่ะ ผ้าดี 
",0
ดีมากเลยคุ้มค่า,0
ดูจากรีวิวแต่สิ่งที่ได้คือแย่,1
ดูฉลากเก่า​,1
ดูฉลากเก่า​ อยากให้เค็มน้อยกว่านี้,1
ดูไม่ค่อยน่าทานเท่าไหร่ ,1
ดูแลเข้าใจลูกค้า,0
ดูแล้วน่าจะย้วยง่าย,1
ดูสะอาด ใหม่ดีมาก ,0
ดูใหม่ดี ไม่แตกหัก,0
ดูใหม่อยู่,0
เด้วสั่งเพิ่มอักแน่นอนนค่ะ อร่อยจริงๆ,0
เดี๋ยวครั้งหน้าจะสั่งอีกแน่นอนค่ะ,0
เดี๋ยว​หมดจะสั่งซื้อ​ใหม่​ แล้ว​เจอกัน​เมื่อ​ชาติ​ต้องการ​,0
โดยรวมๆแล้ว ให้ผ่านครับ ห้าดาวเลยครับดี,0
โดยรวมไม่ถูกใจค่ะ ,1
โดยรวมแล้วโอเค,0
โดยส่วนตัวชอบมากกกกกกค่ะ,0
โดยส่วนตัวไม่ค่อยถูกปากค่ะ,1
ได้ของแล้วนะค้าาา อร่อยมากกกกกกชอบราคาไม่สูงเว่อด้วย ,0
ได้ครบตามที่สั่ง,0
ได้โปรส่งฟรีไปอีก คุ้มมากๆค่ะ,0
ได้รับของแล้ว มาส่งเร็วกว่าที่คิด แพ็คสุญญากาศมาเรียบร้อย,0
ได้รับของแล้วค่ะ กล่องที่แพ็คมาสถาพดี  ,0
ได้รับของแล้วค่า ได้เร็วมาก ,0
ได้รับของแล้วหอมมาก ,0
ได้รับของไวมากค่ะ ,0
ได้รับพัสดุแล้ว สินค้าตรงตามมี่โฆษณา ส่งเร็ว ราคาถูกก,0
ได้รับแล้วคะ เเพ็คของดีงาม,0
ได้รับสินค้าครบถ้วนตามสั่งเร็วไวทันใจดี  สินค้ามีคุณภาพ ชอบมากๆ ,0
ได้รับสินค้าครบถ้วนในสภาพเรียบร้อยดีค่ะ  ,0
ได้รับสินค้าถูกต้องตามที่สั่งค่ะ แต่ไม่ครบ ,1
ได้รับสินค้าไม่ตรงไซน์ที่สั่ง,1
ได้รับสินค้ารวดเร็วถูกต้อง รสชาติดีมากกรอบอร่อยไม่เผ็ดมาก ,0
ได้รับสินค้ารวดเร็วมาก ,0
ได้รับสินค้าเรียบร้อย คุณภาพสินค้าดีมาก  ,0
ได้รับสินค้าเรียบร้อย พริกทอด กรอบ อร่อย ถูกใจค่ะ ,0
ได้รับสินค้าเรียบร้อย แพคของมาเรียบร้อยมาก ห่อใบตองมาให้อย่างดี มีหนังสือพิมพ์คลุมมาอีกชั้นนึงอีก ,0
ได้รับสินค้าแล้วนะคะ​ เก็บเงินปลายทางสะดวกดีชอบ​,0
ได้รับสินค้าแล้วนะคะส่งของไวมากแพ็คของมาดี ไม่เสียหาย,0
ได้รับสินค้าแล้วรสชาติเหมือนขนมจากค่ะ  ,0
ได้รับเเล้วกินหมดเเล้วอร่อยมากกกกกกกวันหลังจะสั่งอีกกกกกกกกกกกก,0
ได้ลายซ้ำกันไป,1
ได้ส่วนลดแล้ว คุ้มมากๆครับ,0
ได้สินค้ามาไม่ตรงกับที่ต้องการ ผิดsize,1
ได้สินค้ามาไม่ตรงกับที่ต้องการ,1
ได้สินค้าไม่ตรงกับที่แจ้งแม่ค้าไปค่ะ,1
ได้สินค้าเรียบร้อยแล้ว อาจจะรอนานไปนิด ..แต่ข้างในคุณภาพโอเค สมราคา,0
ต้องแก้ตั้งแต่ต้นทางค่ะ,1
ต้องพิจารณาตัวเองแล้วคะ,1
ต้องสั่งมาเพิ่มแน่นอนคะ ,0
ต้องสั่งอีกกกกกกกกแน่ๆๆๆๆๆๆๆๆนอนนนนนนนนนนนนน ,0
ตะเข็บเย็บไม่ดี ,1
ตัวขนมกรอบนอกนุ่มใน ,0
ตัวขนมอร่อยใช้ได้เลยค่ะ,0
ตัวเล็กกว่าขนาดไซด์,1
ตัวเล็กกว่าในรูปเยอะเลยคะ,1
ตำน้ำพริกอรอ่ยมากๆๆๆ,0
ติดใจเดี๋ยวสั่งอีกแน่นอน,0
เต็มปากเต็มคำดี,0
แต่การบริการไม่โอเครเลยค่ะ ,1
แต่งวดนี้สีอ่อนไปนิด ทุกทีพริกแดงก่านี้,1
แต่ปริมาณไม่ใช่ 500 กรัมตามที่โฆษณาไว้,1
แต่มันเสียความรู้สึก ,1
แต่รสชาติติดขม,1
แต่ละชิ้นค่อนข้างใหญ่ กรอบรถชาติดี ,0
แต่ละแผ่นมันหนาและทึบมาก ,1
แต่ส่วนตัวว่ามันไม่หอมถั่ว  ,1
ถั่วเก่าไปหน่อยครับ,1
ถั่วมีกลิ่นอับมาก เม็ดเล็กมากๆด้วย,1
ถั่วไม่ค่อยกรอบเท่าไหร่แต่รวมก็ได้ค่ะ,1
ถั่วอร่อยมากคะ  ,0
ถ้าคนชอบทานเผ็ดน่าจะชอบมากๆ แต่โดยรวมแล้วถือว่าดีค่ะ,0
ถ้าคิดจะเตือนแม่ค้าไม่ต้องเตือนคะ ,1
ถ้าคุณยอมรับความคิดเห็นไม่ได้ยังสมควรขายสินค้าอยู่มั้ย,1
ถ้างั้นร้านควรจะซีลให้แน่นหนากว่านี้รึเปล่า,1
ถ้าถึงช้ากว่านี้มดคงยิ่งเยอะเลย,1
ถามแชทไปทางร้านไม่ตอบเลยค่ะ ,1
ถ้าไม่บอกให้โทรก็ไม่โทร,1
ถ้าไม่มีสีที่ต้องการควรแจ้งลูกค้า,1
ถ้าหมดแล้วจะสั่งใหม่นะคะ ,0
ถึงกับต้องกลับมาสั่งอีก  ,0
ถือว่าเป็นการทานขนมดูครั้งแรกที่อร่อยค่ะ,0
ถือว่ามีความคุ้มค่าสมราคาค่ะ,0
ถือว่ายังไม่มีความคุ้มค่ารึพิเศษอะไรค่ะ.,1
ถุงขนมไม่มีการเป็นรูหรือฉีกขาด,0
ถุงที่บรรจุพุทรามาขาด ,1
ถุงเท้าแข็งมากใส่ไม่สบายเลย,1
ถุงเท้าจริงสั้นกว่ารูปตัวอย่างมาก,1
ถุงเท้าเนื้อผ้าดีมาก,0
ถุงเท้าเนื้อผ้าไม่ดี ,1
ถุงเท้าบางมากก นึกว่าจะหนา ,1
ถุงมีรอยปริ ,1
ถูกใจมากๆๆๆๆอุดหนุนได้เลยร้านนี้ ,0
ถูกใจมากค่ะ ,0
แถมชิ้นใหญ่กว่าปกติด้วย คุ้มค่ามากครับ,0
แถมส่งเร็วทันใจอีกด้วย,0
ทักแชท แม่ค้าไม่อ่านแชทเลย,1
ทันใช้พอดีเลยยยยยย ,0
ทางร้านคัดสินค้าให้อย่างดี ของสด ฝักใหญ่มาก แถมสินค้าให้อีกด้วย ,0
ทางร้านค้าเทคแคร์ดีมาก ,0
ทางร้านจัดช้าไปค่ะ,1
ทางร้านบริการดีค่ะ ชอบค่ะ,0
ทางร้านบริการดีมีของแถมมาด้วย,0
ทางร้านแพ็คของมาดีมากค่ะ กล่องไม่มีบุบ ,0
ทางร้านแพคบรรจุมาอย่างดี ราคาก็ถูกกว่าตามห้าง ,0
ทางร้านแพคสินค้าห่อกันกระแทกมาอย่างดี,0
ทางร้านแพคสินค้าห่อกันกระแทกมาอย่างดี ,0
ทางร้านส่งสินค้าได้รวดเร็วค่ะ ,0
ทางร้านให้ทุเรียนกวนมาไม่ถึงที่แจ้งไว้,1
ทานกับ ข้าว สวย อร่อย อิ่ม ไป มื้อ แบบง่ายๆๆๆๆๆ,0
ทานคำแรกเฉยๆ คำที่สองยังไม่รู้รส คำที่สามนี่มันเลยค่ะ ,0
ทานได้สักสามสี่ชิ้น รู้สึกหวานแบบแปล่งๆ,1
ทานไปนิดเดียวเลยทิ้งค่ะ ,1
ทานไม่ค่อยได้สะดวก,1
ทำไมขนาดไม่เท่ากันและทำไมดำจัง,1
ทำไมไม่ดูให้ดีก่อนหยิบให้ลูกค้า,1
ทำไมราขึ้นขาวๆเต็มเลย ,1
ทำให้เสียอรรถรสพอควร,1
ทิ้งคะ,1
ทิ้งหมดเลย,1
ที่บ้านชอบทานปลาอินทรีย์มาก ,0
ที่เพชรบุรีอร่อยกว่านี้นะ,1
เท่าที่กินไม่มีมด,0
แทนที่จะแก้ไข  ,1
น้องพนักงานขนส่งบริการดี,0
น่าจะแจ้งก่อนนะคะ ไม่ใช่ปล่อยให้งง ,1
น่าจะได้อุดหนุนในรอบต่อๆไปแน่นอนค่ะ แป๊บเดียวจะหมดแล้ว,0
น่าจะแพ็คให้ดีกว่านี้,1
น่าจะหมดเร็วๆนี้ ,0
น่าทานมากๆ ,0
น้ำนองกล่องเลย ถุงรั่ว มีอากาศเข้า ,1
น้ำมันเยอะมากกกกกกกกก,1
น้ำหนักไม่ไกล้เคียงที่ประกาศขาย,1
นี่ซีลถุงพลาสติกแค่ชั้นเดียวเองมดเลยเจาะทะลุง่ายๆ,1
นี่มันปลาเค็มชัดๆ เค็มจนกินไม่ได้เลย ,1
นี่สั่งเป็นรอบที่2แล้ว กลับมาสั่งเป็นรอบที่3อีกแน่นอนค่ะ,0
นึกว่าเศษกุ้ง,1
เนื้อปลาแข็งไปหน่อย,1
เนื้อปลาแข็งมาก เหมือนปลาทูดองเค็มในน้ำมันเพื่อถนอมอาหาร,1
เนื้อปลาไม่นิ่มเลย เค็มปี๋เลย ,1
เนื้อปลาสด ชิ้นใหญ่ดีอร่อยครับ,0
เนื้อปลาแห้งเป็นผลึกน้ำตาล,1
เนื้อผ้าแข็ง​ ไม่ยืดหยุ่นเลย ,1
เนื้อผ้าค่อนข้างบาง ,1
เนื้อผ้าดี ,0
เนื้อผ้าดีสมราคา ,0
เนื้อผ้าบางไม่หนาอย่างที่เคยซื้อจากที่อื่น,1
เนื้อผ้าและการตัดเย็บยังไม่ค่อยดีค่ะ,1
เนื้อร่วนๆ,1
เนื้อหยาบมาก,1
เนื้อเหนียวมากเคี้ยวไม่ออกไม่เหมาะสำหรับคนแก่ เด็กและผู้มีปัญหาเริ่องสุขภาพฟัน ,1
แนะนำร้านนี้เลย คุณภาพดี ส่งเร็ว,0
ในขวดมันเยิ้มกลิ่นเหม็นหึน,1
บริการขนส่งก็ดีมาก,0
บริการร้านดีบริการขนส่งดีส่งของเร็วค่ะลองทำกินแล้วอร่อยค่ะ กุนเชียงร์กรอบนอกนุ่มในหมดแล้วจะสั่งใหม่ค่ะ,0
บริษัทขนส่งดี​​ สีสวยบีบดูกุนเชียงไม่เเข็ง​,0
บอกได้เลยคุ้มค่ามากไม่ต้องเสียเวลาไปนอกบ้านประหยัดเงินในกะเป๋าประหยัดค่าน้ำมัน,0
บอกส่งวันไหนก็ส่งวันนั้นเลย ,0
บอกให้โทรถึงจะโทรแจ้ง ,1
บางชิ้นเหมือนมีกลิ่นคาว,1
บางชิ้นไหม้ทำให้รสชาติติดขมไปด้วยค่ะ,1
บางตัวขอบยุ่ย ,1
บางฝักไม่มีกลิ่น ,1
บางฝักเหมือนสะตอดานแต่กลิ่นไม่ใช่,1
บางมาก ,1
บางเม็ดมีกลิ่นขี้แมลงสาบ,1
บางและแตกหักไม่เต็มดอก,1
บางและเล็กไปหน่อย,1
แบบนี้ไม่ค่อยโอเครเด้อ,1
แบบมีแค่3 แบบเองคะ  ไม่หลากหลายเลย,1
ปกติซื้อของในช๊อบปี้มาไม่เคยเจอแบบนี้ค่ะ ,1
ประทับใจมาก,0
ประทับแม่ค้า,0
ปรับปรุงเรื่องกลิ่นหืนจะดีมากๆเลยค่ะ,1
ปลาก็ตัวเล็กไป และมีรอยเเตกค่ะ ,1
ปลากรอบ เหนียวมาก เหมือนเป็นของเก่า,1
ปลาโคตรเค็ม กินแล้วกลัวเป็นโรคไต,1
ปลาชิ้นกำลังดีไม่เล็กเกิน ,0
ปลาชิ้นใหญ่,0
ปลาตรงกลางโหลกินไม่ได้มันเก่า  ,1
ปลาป่น แตกเยอะไปครับ,1
ปลามีมดเดินอยู่ในถุงเกือบร้อยตัวได้    ,1
ปลาเละเป็นน้ำเรย,1
ปลาสวรรค์เที่ยวนี้ยังไม่ถูกใจ,1
ปลาหมึกร้านนี้เหมือนจะไม่สะอาด ,1
ปั้นสิบเฉยๆค่ะ ,1
ปั้นสิบอร่อยมากครับ​ แป้งบาง​ ไส้เยอะ,0
เป็นปั้นสิบที่ลูกใหญ่กว่าที่เคยกินนิดนึง,0
เปรี้ยวเกินไป รสไม่ค่อยธรรมชาติเหมือนที่เคยกินจากที่อื่นๆ,1
เปรี้ยวค่ะ ไม่ค่อยอร่อยเลย  ไม่โอเคเลยค่ะ,1
เป้าขาด ,1
เปิดกล่องมากลิ่นหอมฟุ้งเลย,0
เปิดฝามาจะมีแผ่นฟรอยด์ปิดอีกชั้น ,0
แป้งค่อนข้างเยอะ,1
แป้งไม่กรอบเหมือนการสั่งรอบที่แล้ว,1
แป้งไม่สุก ,1
แปลกๆดี รสชาติประมาณโมจิแต่มีเนื้อมะพร้าวละเอียดแทรก ,0
ผ้าดีนะคะ ,0
ผ้านุ่มบางแต่ก็ปกปิดได้ดีอยู่ ,0
ผ้าบาง,1
ผ้าบางจนตรงสีดำเห็นสีขาวแซมอยู่ ,1
ผ้าลื่นๆ น่าจะไม่ค่อยซับเหงื่อ ,1
ผิดเบอร์ค่ะ,1
ผิดหวังกับร้านนี้ ,1
ผิดหวังนิดหน่อย,1
ผิดหวังมาก ไม่เหมือนชาชงที่ไปกินที่ใต้เลย ,1
ผิดหวังมากค่ะ,1
ผู้ขายตอบข้อมูลดี ,0
เผ็ดมากกกชอบ อร่อยดี ถึงเครื่องแกง,0
ฝักนึงมีหนอนแทบทุกเม็ด ,1
ฝักใหญ่ เม็ดแน่นๆ อร่อยมากค่ะ ,0
พนักงานขนส่งพูดจาดี สุภาพ,0
พนักงานที่มาส่งของแย่มากๆพูดจาและสีหน้า ,1
พนักงานส่งบริการดีมากค่ะ,0
พริกแกงหอมเผ็ดอร่อยมากค่ะ,0
พริกค่อนข้างมีกลิ่นที่แรง เหม็น ,1
พริกทอด อร่อยอยู่แล้วทานเพลินไม่เผ็ด ,0
พริกทอดเหม็นหืนนะค่ะ ,1
พริกทอดอร่อยมากค่ะ รสชาตินัวๆ ,0
พริกไทยกลิ่นแรงไป,1
พริกบางชิ้นเหนียวไม่กรอบ รสชาติไม่อร่อยเท่าที่เคยทาน ,1
พริกไม่เผ็ด รสไม่เค็ม อร่อยค่ะ คนขายน่ารัก ส่งของไวมาก ,0
พริกไม่เผ็ดมากกำลังดี ไม่เหม็นหืน ชอบมากๆเลยค่ะ ,0
พริกไม่มีความกรอบ และหอมเลยค่ะ ,1
พริกเหม็นหืนนิดหน่อย กล่องบุบค่อนข้างเยอะคะ,1
พอได้รับของ ดูรู้เลยว่า มีความสดใหม่ ความมันจากในเนื้อปลา ,0
พึ่งเคยลองทาน ครั้งแรก ขนมดูอร่อยค่ะ ,0
พุทราจีนคุณภาพดีค่ะ อร่อย ,0
เพราะขนมพริกที่ได้กระปุกสภาพยับเยินมากๆ,1
เพราะชอบรสไม่ไหวเลย,1
เพราะแม่ค้าก้อมักง่าย ,1
เพิ่งเคยกินครั้งแรก และจะเป็นครั้งสุดท้าย    ,1
เพิ่งเคยกินครั้งแรก เหมือนกินขนม ,0
เพิ่งลองสั่งซื้อครั้งแรกค่ะ แล้วก็ประทับใจมาก  ,0
แพ็กของดี ไม่มีแตกชำรุด แต่มีกล่องบุบเล็กน้อย,0
แพ้คกันกระแทกมาอย่างดี ,0
แพคเกจไม่ดีเลยค่ะ ถุงแตกทั้ง 2 ถุงเลย,1
แพคของแน่นดีมาก มีกันกระแทก,0
แพ็คของมาดีมากๆ เลย,0
แพ็คของมาอย่างดีค่ะ การจัดส่งรวดเร็วว่องไว หีบห่อมาดีค่ะ ,0
แพ็คของไม่ละเอียด ,1
แพ็คของเรียบร้อย ชอบมากเลยค่ะ ดีมาก,0
แพ็คงานใส่ถุงมาไม่มีกันกระแทกแต่ก็ไม่เคยมีความเสียหาย ,0
แพคดี  แต่ส่งช้าไป,1
แพ็คดี ส่งไว อร่อยยยย,0
แพคมาดี รสชาดอร่อย ส่งไว ,0
แพ็คมาดีไม่เสียหาย ,0
แพ็คมาไม่ค่อยจะดี ดูรีบๆ,1
แพ็คมาไม่ค่อยดี,1
แพ็คมาอย่างดีคะหน้าทานมาก,0
แพ็คมาอย่างดีไม่มีกลิ่นเลย ,0
แพคไม่ดี ถุงแตกมีรอบคัตเตอร์กรีด,1
แพคไม่แน่น กระปุกบุบไปบ้าง,1
แพคส่งอย่างดีไม่ต้องรอส่งจากจีนเลย   ,0
แพคสินค้าดี ,0
แพคสินค้าดีค่ะ ไม่เสียหายเลย,0
แพ้คสินค้ามาดี,0
แพคสินค้ามาดีมากๆๆๆๆ ,0
ฟองเต้าหู้นี้จะไม่ซื้อซ้ำแล้ว ,1
ฟินมากกินกับข้าวสวยหรือโจ๊ก ข้าวต้มก็อร่อยนะคะ,0
มันจะร่วนๆแข็งๆ น้ำมันเยอะมากเลยค่ะ  ,1
มันน้อยไม่สมราคา ,1
มันไปหน่อย มีเคลือบน้ำตาลด้านนอกด้วย ,1
มันมากๆ หาเนื้อปลายากจริงๆ,1
มันไม่นุบนับอร่อยอย่างที่คิด,1
มันเยิ้มเยอะไปหน่อยกล่องบุบเบี้ยวมากค่า ,1
มันหมูก้อออกเยอะ,1
มันเหม็นหืนแล้วง่ะค่ะ ไม่หอมมันเหมือนของยี่ห้อที่เคยกิน,1
มันอร่อย,0
มีกลิ่นสาบค่อนข้างเยอะ ,1
มีกลิ่นหืน รสขม,1
มีกลิ่นหืน รสชาติแปลกไป,1
มีกลื่นหืน,1
มีการแกะฟอย เปิดแล้ว สงสัยมีคนแอบรับประทาน,1
มีขวดบุบหน่อยค่ะ แค่ซีลยังอยู่ดี,1
มีความรู้สึกว่าไม่ค่อยสมราคาเท่าไหร่ ,1
มีคำถามแม่ค้าก็ตอบคำถามดีค่ะ,0
มีตำหนินิดหน่อย,1
มีตำหนิเป็นรอยสนิมจากเข็มกลัด ,1
มีแต่รสหวาน ไม่มีกลิ่นหอมของส่วนผสม ,1
มีน้ำมันซึมออกมานอกกระปุกและเปื้อนกล่องพัสดุ กล่องเป็นรูด้วย ,1
มีน้ำมันเยอะไป,1
มีมันปนค่อนข้างมาก ,1
มีมันเยอะไปหน่อย ทำให้เลี่ยน อุตส่าหนีมาจากกุนเชียงหมูแล้วเชียว ,1
มีรอยขาด,1
มีรอยบุที่แพคเกตนิดหน่อยครับ,1
มีรอยบุบนิดหน่อย ,1
มีรอยมีดบาดตรงหน้าถุง,1
มีหนอนทุกฝัก  ,1
มีหนอนนะค่ะ,1
มีโอกาสซื้อสะตอคราวหน้า อุดหนุนร้านนี้แน่นอนค่ะ,0
เม็ด เล็กไปหน่อยคับ,1
เม็ดไม่ใหญ่เหมือนในรูป เจอเม็ดลีบแข็ง เม็ดไม่อ้า ทำให้กินยาก,1
เม็ดเล็ก เนื้อน้อย,1
เม็ดแห้งมากๆ,1
เม็ดแห้งรีบไป,1
เมล็ดทานตะวันก็อร่อย กินเพลินดี ไม่เหม็นหืน เม็ดไม่รีบ,0
แม่ค้าควรจะรับผิดชอบส่วนที่ไม่ครบ ,1
แม่ค้าจัดส่งไวมากกก ,0
แม่ค้าน่ารัก ทักมาบอกจะคืนเงินส่วนต่างตั้งแต่วันที่ส่งของมาให้,0
แม่ค้าน่ารัก มีเขียนมาแนะนำ ,0
แม่ค้าน่ารัก สั่งหลายรอบแล้วค่ะ,0
แม่ค้าน่ารักค่ะ,0
แม่ค้าน่ารักมาก ให้บริการดีมาก ,0
แม่ค้าน่ารักมากๆ,0
แม่ค้าน่ารักมากๆอินบ็อกมาแจ้งวิธีรับประทานและมีปลาแถมให้อีก1ตัว,0
แม่ค้าน่ารักใส่ใจแจ้งเลขเร็วมาก,0
แม่ค้าบริการดี ตอบแชตเร็วคร้า,0
แม่ค้าบริการดีมากกกค่า ,0
แม่ค้าบริการตอบรับข้อความผู้ซื้อได้ดีและไวมากค่ะ ,0
แม่ค้าแพ็คมาเป็น 2 ถุง ถุงละ 25 ลูกเรียบร้อยมากค่ะ,0
แม่ค้าร้านนี้ไม่รับฟังความคิดเห็นของลูกค้าโปรดระวังด้วยคะ  ,1
แม้ค้าส่งของได้ไม่ตามนัด,1
แม่ค้าห่อดีมาก  ขนาดส่งมากทม   ไม่มีเฉา สมราคา  สินค้าคุณภาพ,0
แม่ชอบมาก ต้องได้สั่งอีกแน่นอน,0
แม่บอกอร่อยมากค่ะ,0
ไม่กรอบเท่าไหร่ มันเหนียวๆ,1
ไม่ควรเอาปลาเก่ามาปนกันในโหลเพราะเนื้อปลามันยุ่ยแล้วกินไม่ได้มันเหม็นครับ,1
ไม่ค่อยกรอบ  บางเม็ดเนื้อยุ่ย,1
ไม่ค่อยคุ้มค่า,1
ไม่ค่อยคุ้มค่าซักเท่าไหร่,1
ไม่ค่อยถูกใจค่ะ,1
ไม่ค่อยสด ,1
ไม่ค่อยหอมมมม,1
ไม่ค่อยอร่อย,1
ไม่ค่อยอร่อย มีกลิ่นหืนนิดๆ กินได้ทีละ 2-3 เม็ดต้องหยุดค่ะ,1
ไม่อร่อยอย่างที่คิดไว้,1
ไม่ค่อยอร่อยเท่าไหร่,1
ไม่คิดว่าบรรจุภัณฑ์จะเป็นแบบนี้ ,1
ไม่คุ้มกับความรู้สึกเมื่อเจอ  ,1
ไม่ใช่ปลาทูมัน เค็มน้อยอย่างที่บอก เสียใจ,1
ไม่ใช่ปลาทูมันนะท่านผู้ชม ผิดหวังมากๆ ,1
ไม่ใช่ให้ตีคืน ส่งไปส่งมา,1
ไม่ใช่อย่างที่ฝัน ,1
ไม่ได้นิ่มแบบที่คิดค่ะ,1
ไม่ได้มีปัญหาอะไร ไว้คราวหน้าจะมาสั่งใหม่นะครับ,0
ไม่ได้รับสินค้า,1
ไม่ตรงตามที่ร้านแจ้งไว้ ,1
ไม่ตรงตามแบบ ,1
ไม่ถูกปากเราค่ะ,1
ไม่น่าจะอุดหนุนใหม่ครั้งหน้า,1
ไม่ประทับใจเลย  ในถุงมีมดเยอะเลย,1
ไม่ปลื้ม,1
ไม่ผิดหวังค่ะ,0
ไม่พอดีคำ คำใหญ่ไป,1
ไม่มีกลิ่นชา,1
ไม่มีกลิ่นหอมชาค่ะ ใส่เยอะก็ยังไม่หอม,1
ไม่มีกลิ่นเหม็นค่ะ ,1
ไม่มีครั้งต่อๆไปแน่นอนค่ะ ,1
ไม่มีครั้งต่อไปแล้วคะ,1
ไม่มีความอร่อยเลยเสียดายเงิน,1
ไม่มีรูปบอกสินค้าที่ชัดเจน ,1
ไม่มีสำนึก ขอให้ขายของดีนะจ้ะ ,1
ไม่มีหักหรือเเตกเลย ,0
ไม่ระบุวันหมดอายุ ทิ้งอย่างเดี๋ยว,1
ไม่ใส่กันกระแทกมา,1
ไม่หอม ,1
ไม่หืน กรอบ กินกับข้าวก็อร่อย,0
ไม่เหม็นไม่เก่า,1
ไม่เหม็นหืน เนื้อแห้งไม่เปียกเยิ้ม มันน้อย,0
ไม่เหมือนในภาพ,1
ไม่ใหม่ ไม่กรอบ มีกลิ่นหืน,1
ไม่อร่อย ,1
ไม่อร่อย เฉยๆ ,1
ไม่อร่อย แป้งเยอะ และมันด้วย,1
ไม่อร่อย ไม่มีกลิ่นของเนื้อปลาเลย ,1
ไม่อร่อย และก็เผ็ดปานกลาง ,1
ไม่อร่อยครับ,1
ไม่อร่อยค่ะ ,1
ไม่อร่อยเท่าที่เคยกิน ,1
ไม่อร่อยเลย,1
ไม่อร่อยเลยอะ,1
ไม่อร่อยเหมือนที่เคยกิน ,1
ไม่อร่อยเอาซะเลย,1
ไม่อายที่เอาสินค้ากระจอกแบบนี้มาขาย ถือว่าหลอกลวง ,1
ยิ่งซื้อในช่วง flash deals คุ้มมากมากค่ะ ประทับใจค่ะ ,0
ยุบแบบยับเยินเกินไปค่ะ,1
รถชาติไม่โอเลย ,1
รสชาดแปลกๆ ,1
รสชาตเค็มไปหน่อยเข้าใจว่าทำมาจากปลาทะเล ,1
รสชาติกลมกล่อมอร่อยมาก  สะอาด  ,0
รสชาติก็อร่อย ,0
"รสชาติกำลังดี ไม่มัน หอม อร่อย
กระปุกเดียวกิน2วันหมด",0
รสชาติงั้นๆ,1
รสชาติดี  ไม่เผ็ดมาก   ได้รับสินค้าครบถ้วนค่ะ  ,0
รสชาติดี กรอบ เค็ม มัน เผ็ดนิดเดียว ทานเล่นได้เรื่อยๆ อร่อยดี ,0
รสชาติดี กินเพลินเลย,0
รสชาติดี คุณแม่ชอบมาก,0
รสชาติดีมากคะ อร่อยดีคะ เอาไว้ครั้งหน้าจะอุกหนุนอีกนะคะ,0
รสชาติดีไม่เผ็ดมาก  เด็กเล็กทานได้  ,0
รสชาติตัวแป้งหวานนิดๆ ,0
รสชาติถูกปากมาก หอมน้ำตาลตะโหนดมะพร้าวหวานกำลังดี ลูกพอดีคำ,0
รสชาติเปรี้ยวแปลก ๆ,1
รสชาติผสมกันระหว่างขนมต้มกับไดฟูกุ ,0
รสชาติพริกกรอบอร่อยเผ็ดถูกใจ ,0
รสชาติมันเหมือนมีกลิ่นดินปนๆ,1
รสชาติไม่ค่อยเข้มข้นเท่าไหร่,1
รสชาติไม่ค่อยโอเคร,1
รสชาติไม่อร่อยเหมือนเดิม ,1
รสชาติไม่ออกหวานเลย ไม่ถูกปากสำหรับคนชอบหมูสวรรค์หวานๆแน่ๆ,1
รสชาติหวานไปหน่อยและออกเลี่ยนๆนิดๆ,1
รสชาติเหมือนผัดหอยลาย ,1
รสชาติอร่อย,0
รสชาติอร่อย กรอบ ,0
รสชาติอร่อย กินเพลิน ไม่ผิดหวัง,0
รสชาติอร่อยดี เค็ม ๆ นิด ๆเผ็ดหน่อย ๆ กรอบดี เคี้ยวเพลิน ,0
รสชาติอร่อยถูกใจ โอกาสหน้าอุดหนุนอีกแน่นอนค่ะ,0
รสนี้ไม่เผ็ดมาก อร่อยดี ถึงจะมีกลิ่น หอมแปลกๆ แต่รสชาติใช้ได้ ,0
รสเผ็ดเกินไป ,1
รสสัมผัสและรสชาติไม่ได้เลย ,1
รสหนักไปทางเค็ม พริกไม่เผ็ดเลย,1
รสหวานนุ่มดีค่ะ,0
รอบนี้รู้สึกสินค้ามันไม่ค่อยอร่อย ,1
รอบนี้ส่งช้า,1
รอบหน้าจะอุดหนุน​ใหม่นะค่ะ,0
รอบหน้าาาาาาาาาาาาาสั่งซื้ออีกแน่นอนนนนนนนนนนนนน นี่ก็ซื้อรอบสองแล้ว,0
รอไม่กี่วันได้ของ,0
รอสินค้านานมากค่ะ ,1
รั่วเลอะเทอะหมดกลิ่นหึ้ง,1
ราคาก็ถูกมากๆ น่าจะถูกสุดละมั้ง เท่าที่เซิจเจอ,0
ราคาค่อนข้างแพงถ้าเทียบกับปริมาณค่ะ ,1
ราคาถูก กินแล้วไม่อยากหยุด  ,0
ราคาถูกกว่าที่อื่น ,0
ราคาถูกขนส่งไวค่ะ,0
ราคาถูกด้วย ถูกใจคนรักพริกทอดมากๆๆ  ,0
ราคาถูกดี ดีงามมมมมมม ไว้อุดหนุนใหม่จ้าาาาาาา,0
ราคาถูกมากๆๆ แนะนำครับ,0
ราคาถูกมากกกกก ,0
ราคาถูกมากค่ะ ซื้อช่วงโปรโมชั่นถือว่าคุ้มมากค่ะ,0
ราคาแพงกว่าท้องตลาดมาก,1
ราคาไม่แพง คนในครอบครัวชอบทานกันมากคะ แล้วจะมาอุดหนุนใหม่นะคะ,0
"ร้านค้าแพ็คของดีมาก ดูใส่ใจลูกค้า
",0
ร้านค้าให้บริการดี ,0
ร้านค้าให้บริการดีมากกกกกกกกก ,0
ร้านตอบไม่ดี บริการไม่ดีค่ะ ,1
ร้านนี้ขายถูกสุดค่ะ  ร้านนี้ดีขั้นต่ำไม่สูงมาก,0
ร้านนี้เป็นร้านประจำเลย ,0
ร้านนี้ส่งของเร็วมากค่ะ การขนส่งก็ไม่มีปัญหา กุนเชียงปลาก็อร่อย ,0
ร้านนี้หลายครั้งแล้ว แม่ค้าตอบเร็ว ,0
ร้านเอาใจใส่มากค่ะ,0
ร้านเเพ็คของดี สินค้าน้ำหนักตรงตามที่แจ้งไว้ ,0
รายการถูกต้องครบถ้วน,0
รู้สึกดีกับโน๊ตที่แนบมาด้วย,0
เราว่ารสเค็มเด่นเกินไป,1
เราสั่งมาขายลูกค้าทุกคนบอกว่าอร่อยค่ะ,0
เริ่ดที่สุดจ้า,0
ลอกหมดเลยค่ะ,1
ลองกลิ่นแล้วมีกลิ่นไม่โอเคกับสินค้าอย่างมาก  ,1
ลองกินดูแล้ว  อร่อยมากๆจนวางมือไม่ลง,0
ลองกินแล้ว มันไม่นุบนับอร่อยอย่างที่คิด,1
ลองชิมแล้วค่ะ สินค้าสดใหม่ อร่อยทุกอย่างเลย,0
ลองทำกินแล้วอร่อยมากค่ะ​,0
ลองทำดูแล้ว เครื่องแกงอร่อยจ้าา,0
ลองสินค้าร้านนี้แล้วยังผิดหวัง,1
ลักษณะแห้งๆ,1
ลายเดียว​ สีเดียวกันหมดทั้ง3ตัวเลย​ ไม่คละสี​ คละลายให้เลย,1
ลายน่ารัก ,0
ลูกชายชอบมากๆค่ะ แถมราคา ไม่แพง ,0
ลูกใส่แล้วรั้งคะ ใส่ไม่พอดีเลยคะ,1
ลูกใหญ่เกิน หวานมากไปค่ะ ,1
เล็กกว่าที่คิดมากก ,1
เลยทิ้งทั้งหมดที่ซื้อ,1
เลิกขายเถอะคะ,1
แล้วก็เจอหนอนเยอะไปหน่อย ,1
แล้วของขาดนี่ให้ชมหรอคะ,1
แล้วจะมาอุดหนุนใหม่,0
และส่งถึงบ้านตามกำหนด มีการแจ้งบอก,0
วัสดุแข็งแรงทนทาน,0
เวลาทอดแล้วกลิ่นแรงมากเหมือนปลาร้าทอดเลย,1
เวลาลูกค้าไม่รับของอย่าว่าเค้าเลย,1
ไว้งวดหน้าสั่งอีกค่ะ,0
ไว้จะมาสั่งใหม่ใหม่นะคะ,0
ไว้จะมาอุดหนุนใหม่นะคะ,0
ไว้จะสั่งซื้ออีกนะคะ ,0
ไว้จะสั่งเพิ่มอีกนะคะ ,0
ไว้จะอุดหนุนอีกนะคะ,0
ไว้จะอุดหนุนอีกแน่นอนค่ะขอบคุณมากค่ะ ,0
ไว้เป็นบทเรียนว่าไม่ควรสั่งอาหารส่งพัสดุมาแบบนี้อีก,1
ไว้วันนหลังจะอุดหนุนใหม่นะคะ ซื้อฝากแม่ แม่ชอบเลย,0
ไว้วันหลังจะสั่งเพิ่มอีกนะคะ,0
ไว้สั่งอีกค่ะ ขอบคุณค่ะ,0
ไว้อุดหนุนใหม่จ้าาาาาาา,0
เศษเล็กๆหกเลอะเทอะในกล่อง ,1
ส่งก็ไว ,0
ส่งของช้า ,1
ส่งของช้า 1 วัน เพราะติดวันหยุดอันนี้เข้าใจและรับได้ครับ ,0
ส่งของไม่ครบ ,1
ส่งของไว ได้ของครบ แพ็กดี  ส่วนสินค้า รสชาติดีเผ็ดกลางๆ กินเล่นได้ โรยข้าวได้,0
ส่งของไวค่ะ,0
ส่งช้า,1
ส่งช้าไป,1
ส่งช้าอ้ะ เปนอาทิตย์,1
ส่งตรงตามกำหนด ,0
ส่งแบบไม่ห่อกันของเสียหายส่งมาแบบถุง ,1
ส่งไป ตจว. ให้แม่ทานแม่บอกอร่อยมากก  ,0
ส่งผิดขนาดผิดสีมาให้,1
ส่งผิดไซส์ ทั้ง 3 ตัว ,1
ส่งมาผิดสี,1
ส่งมาผิดสี   ค่าส่งน่าจะมากกว่าราคาสินค้า ,1
ส่งมาผิดสี ไม่ตรงตามที่ต้องการ,1
ส่งเร็ว ของดี มีคุณภาพ น่าใช้ ซื้อเลยๆ,0
ส่งเร็ว ถั่วใหม่ดี อร่อย ไม่เค็ม,0
ส่งเร็ว ใส่มาในกล่องมีบับเบิ้ลหุ้มอีกชั้น เป็นของใหม่ มีวันผลิตบนกระปุก ,0
ส่งเร็วครับ ลองทอดกินแล้วก็โอเคครับ ,0
ส่งเร็วทันใจ ,0
ส่งเร็วแพ๊คดี,0
ส่งเร็วมาก ,0
ส่งเร็วม๊ากกกกกค่ะ ,0
ส่งเร้ววววววววววว วัสดุปิดมิดชิดดดดดดดดดดดดดดดีมากกกกกกกกกกกก ,0
ส่งเร็วเว่อร์ ชอบมากๆๆๆๆๆๆๆ การส่งก้อดีมากกก,0
ส่งไวมาก คุ้มค่า,0
ส่งไวมากกกก กินเพลินมากๆๆๆๆ ,0
ส่งสินค้ามาผิดค่ะ,1
"ส่งสินค้าเร็วดีครับ รอบนี้ลองสั่งมากินทุกแบบเลย 
",0
ส่งสินค้าไวมาก ,0
ส่งสินค้าไวมากกกกกกกก,0
ส่งสินค้าไวมากคุ้มค่าคุ้มราคามากค่ะ,0
สดใหม่,0
สดใหม่ กรอบอร่อยจริงจัง ,0
สตอเบอรี่เปรี้ยวมาก,1
สมกับเป็นมืออาชีพจริงๆ คุ้มค่าดีมากๆเลย ไม่ต้องรอนาน,0
สมราคา คุ้มค่าไม่ไก่กาค่ะ,0
สรุปครั้งเดียวพอ ,1
ส่วนตัวไม่ค่อยชอบ ,1
ส่วนพริกรสชาติดีแต่ติดที่น้ำมันเยอะไปหน่อย,1
ส่วนรสชาติ อร่อยสมคำล่ำลือเลยค่ะ,0
ส่วนห่อเปื้อนนิดหน่อยแต่ข้างในปลอดภัย ,0
สวยคะเนื้อผ้าก็ดีคะ,0
สวยดูดีดูใหม่ดี  ,0
สวยใส่ใด้,0
สะตอขึ้นรา,1
สะตอมีเสียหาย,1
สะตอเม็ดใหญ่ดีค่ะ,0
สะตอเม็ดใหญ่มากค่ะ ดี สด ใหม่ ,0
สะตอรสชาติแปลกๆ ,1
สะอาด​ ​ถูกหลักอนามัย,0
สั่งของผู้ชายได้ของผู้หญิงมาแทน,1
สั่งของร้านนี้ได้ของเร็วตลอดๆ แถมให้เป็นประจำ ,0
สั่งซื้อ​รอบสองแล้วค่ะ ถูกสวยแล้วดี,0
สั่งเซต เด็กชายได้เซท เด็กผู้หญิงคะ,1
สั่งเป็นรอบที่ 2 แล้ว รสชาติดีมาก ส่งสินค้าไว ราคาก็ถูกกว่าค้านอื่น,0
สั่งไปผ่านไปสองวันของถึงบ้านแล้วค่ะ ,0
สั่งมาทานหลายหนแล้ว กุนเชียงก็อร่อย ไม่หวานมาก ,0
สั่งมาปุ๊บวันถัดมาได้ใช้ทันทีเลย,0
สั่งมาหลายรอบแล้วความคุ้มค่าดีมาก  ,0
สั่งเมื่อวานได้กินวันนี้เลย ,0
สั่งไม่เค็มได้โคตรพ่อโคตรแม่เค็มมาเค็มยิ่งกว่าแบบเค็ม ,1
สั่งรอบ2ค่อนข้างผิดหวังมากๆ,1
สั่งรอบที่สองแล้วค่ะ ชอบค่ะ หอม เข้มข้น,0
สั่งรอบสองคะชอบ,0
สั่งรอบสองจ้า ที่บ้านชอบ,0
สั่งวันจันทร์บ่ายๆได้วันพุธเลย,0
สั่งสีขาวพื้นเทาแต่ได้ขาวล้วน,1
สั่งสีดำได้สีเนื้อค่ะ,1
สั่งใส้ปลาได้ใส้อะไรไม่รู้ก้อนใหญ่ไม่อร่อยเลย,1
สั่งหลายรอบมากกกกกกกกก ไว้จะมาสั่งอีกค่ะ ,0
สั่งหลายรอบแล้ว แต่มาผิดหวังรอบนี้,1
สั่งหลายรอบแล้ว ส่งของไว  ,0
สั่งหลายรอบแล้วค่ะ อร่อยมากกกกก ,0
สั่งอย่างหนึ่งได้อย่างหนึ่ง ,1
สั่งอีกแน่อนจ้า,0
สั่งเอาแต่สีดำแต่ส่งแต่สีอื่นมาเต็มไปหมดนี้ละ ,1
สากๆยังไงไม่รู้คะ,1
สำหรับคนที่จะสั่งมาขายแหล่งขาย 25 ลูกได้สบายค่ะ,0
สำหรับผมกะปิกลิ่นมันออกไปทางเหม็นมากกว่าหอมครับ  ,1
สำหรับผมหวานไปครับ รวมๆๆแล้วไม่อร่อยเลย,1
สำหรับเรามันไม่ค่อยอร่อย ,1
สำหรับเราไม่ค่อยโอ,1
"สินค้า แพ้กส่ง มาอย่างดี 
",0
สินค้าคุณภาพดี เป็นล๊อตใหม่ ,0
สินค้าคุณภาพดีทุกอย่าง เป็นของใหม่เลย ไม่มีกลิ่นเหม็นอะไรเลย ,0
สินค้าคุณภาพดีมาก ผ้าหนามาก ดีมาก ,0
สินค้าคุณภาพดีมาก แพ้คสินค้ามาดีมาก ,0
สินค้าคุณภาพสมราคา ,0
สินค้าคุณภาพโอเคเหมาะสมกับราคา,0
สินค้าจัดส่งเร็วดีมาก,0
สินค้าดี คุ้มค่า คุ้มราคา ส่งเร็วใช้ได้ รสชาติอร่อย  ,0
สินค้าดี ผ้าดี ส่งเร็ว คุ้มค่าดี,0
สินค้าดี ส่งเร็วคะ,0
สินค้าดีนะคะ เข้ากับสีผิวดี,0
สินค้าดีนะคะสมราคาเลย ,0
สินค้าดีมากๆเลยครับ      ,0
สิ้นค้าดีมากคะ การจัดส่งรวดเร็วมาก ,0
สินค้าดีมากเลยค่ะ ชอบมากค่ะ,0
สินค้าดีมีคุณภาพค่ะ  ,0
สินค้าดูเก่าดีค่ะเนื้อผ้าบางเฉียบ,1
สินค้าดูคุณภาพไม่ดีนะคะ,1
สินค้าได้เร็ว คุณภาพสินค้าดีค่ะ,0
สินค้าตรงตามที่สั่ง เนื้อผ้าดีมากๆ ,0
สินค้าตรงตามปกที่ได้ลงโฆษณาไว้ ,0
สินค้าถุงที่น้ำหนักขาด ขาดเยอะ ,1
สินค้าที่ได้รับมีคุณภาพดี ,0
สินค้าแพ็ค​กันกระแทก​มาอย่างดี​ ลองเปิดดมและชิมดู หอมมากครับ วันนี้​จะลองทำข้าวคลุก​กะปิ​ครับ,0
สินค้าแพคดีมาก,0
สินค้ามาตรงวันที่แจ้งเลยค่ะ ,0
สินค้ามีกลิ่นและเหมือนตัวปลาหมึกดำมาก,1
สินค้ามีกลิ่นหืน ,1
สินค้ามีตำหนิ ,1
สินค้ามีตำหนิของเก่า ,1
สินค้าไม่ได้ตามที่สั่ง ,1
สินค้าไม่ตรงกับที่สั่ง ,1
สินค้าไม่เต็มกระปุก,1
สินค้าไม่มี อย. ไม่ระบุวันหมดอายุ,1
สิ้นค้าไม่เหมือนกัน,1
สินค้าแย่มาๆๆๆๆ,1
"สินค้าสภาพดี 
",0
สีช้ำกันหลายตัวไม่คละสีให้เลย,1
สีสันลายสวยคุ้มค่าดี,0
สุดยอดจริงๆ​ดีมากกกกกกกกกกกกกกกกกกกกกกกกก,0
เสียเงินไป200 กว่าบาทรู้สึก เสียดายเงิน ,1
เสียเงินเสียเวลา ,1
เสียดายเงิน,1
เสียดายเงินมาก ,1
เสียดายเงิยที่ซื้อไปซื้อเพราะเห็นรีวิวเยอะ,1
เสียดายมากๆเลย,1
เสียตรงที่ปลาหมึกดำไปหน่อย,1
เสียตรงหีบห่อค่ะ ,1
เสียเวลา เสียดายเงิน เสียความรู้สีกกับคนแบบนี้จริงๆ,1
เสียเวลาตามของมากค่ะ,1
ใส่กล่องเล็กกว่าของ จนกล่องนูนๆ ,1
ใส่ได้พอดีลูกสาวชอบค่ะ ใส่ไปคงชินกับเนื้อผ้าแบบนี้ ,0
ใส่ได้ไม่พอดี ,1
ใส่ได้ไม่พอดี สินค้ามีตำหนิ,1
ใส่ได้วันเดียวขาด,1
ใส่ไม่ได้ผ้าไม่ดี ,1
ใส่ไม่สบายค่ะ,1
ใส่ไม่สบายอย่างที่คิด  ,1
ใส่ลังเล็กๆมาแล้วมันก็อัดกันแน่นทำให้กล่องบุบ ไม่ดีเลย,1
ใส่แล้วตะเข็บขาด,1
ใส่สบายสบายเนื้อผ้าดี,0
"ไส้คือ ""กระจิ๊ด"" มาก คือแทบจะไม่มีเลย ควรปรับปรุงตรงนี้นะครับ",1
ไส้เค็มหวานกลมกล่อมดีค่ะ,0
ไส้น้อยมาก,1
ไส้แน่นเต็มคำเป็นของฝากได้ถูกใจ,0
หน้าเลยไม่สวย,1
หนึบและหอมดี อร่อยค่ะ ,0
หมด แล้ว สั่ง อีก แน่นอน จร้า,0
หวานเกิ๊น,1
หวานจัด แป้งสุกไม่ทั่วถึง ,1
หวานมากกินแทบไม่ลง,1
ห่อบับเบิ้ลมาอย่างดี ประทับใจ,0
ห่อแบบศูนย์ญากาศ ดีมากๆ ราคาไม่แพง ,0
หอม อร่อย หวานน้อย ,0
"หอม อร่อยมากกกกกก 
",0
หอมน้ำตาล หนึบหนับ ,0
หอมแป้ง หอมมะพร้าว ,0
หอมหวานค่ะ อร่อย ,0
ห่อมาดี มีกันกระแทก  ,0
ห่อไม่ดีเลยกันกระแทกก็ไม่มีค่ะ ,1
ห่อไม่ดีเลยกันกระแทกก็ไม่มีค่ะ รั่วเลอะเทอะหมดกลิ่นหึ้ง,0
ห่อเล็กๆ แกะกินง่ายกว่าห่อใหญ่,0
ห่อส่งมาอย่างดี ,0
หักคะแนนเพราะส่งสินค้าไม่ครบ ,1
หักคะเเนนได้สินค้าซ้ำ,1
หีบห่อดีมาก สะอาดน่ารับประทาน ,0
หีบห่อแน่นหนา ,0
เห็ดหอมมีก้านทำให้น้ำหนักเยอะแล้วก็เก่า,1
เห็ดหอมสภาพดีค่ะ  ดอกไม่ใหญ่มากขนาดกลางๆ ,0
เหนียวติดมือ ,1
เหม็นกลิ่นขี้แมลงสาบ,1
เหม็นแป้งดิบมาก ,1
เหม็นหืนด้วย,1
เหม็นหื๋นมากกกกก,1
เหมาะสำหรับคนชอบเค็มๆๆๆ ,1
เหมือนกับรูปที่โชว์,0
เหมือนจะเก็บไว้นาน ดูเก่าๆ,1
เหมือนเก็บไว้นาน,1
เหมือนของค้าง แป้งแข็ง,1
เหมือนของค้างนาน ,1
เหมือนตัวจะเล็กไปหน่อยสำหรับเอว24​ ,1
เหมือนไปซื้อเองที่เชียงรายเลย5555ชอบมากๆไว้กลับมาซื้อใหม่นะคะ,0
เหมือนมีรสชาติแปลกกลิ่นหืนค่ะสินค้าเก่าไปไม๊,1
เหมือนไม่ใช่ปลา ทอดไม่ฟูเลย,1
เหมือนลมมันเข้าไปทำให้เมล็ดพิตาชิโอไม่ค่อยกรอบเท่าที่ควร,1
เหมือนเอาของเก่าปนมา ,1
ให้ปลามาน้อยมาก  ,1
ให้เลขบัญชีก็โอนมาไวมากๆ,0
อบไม่ค่อยแห้งเท่าไหร่ค่ะ ,1
อบไม่ค่อยแห้งเท่าไหร่ค่ะ รู้สึกชื้นๆ อยู่เลย,1
อมน้ำมันไปนิดนึง,1
อยากส่งอะไรก้อส่งมา,1
อยากให้เช็คความสะอาดนิดนึงค่ะ,1
อย่างน้อยคือควรมิดชิดหน่อยค่ะ ฝากไว้ปรับปรุงแก้ไขด้วยค่ะ,1
อย่าใช้อารมณ์ ใช้สมองคะ,1
อร่อย ๆๆๆๆ ชอบมาก ค่ะ ไม่ เผ็ดเกิน ไป,0
อร่อย กรอบ ,0
อร่อย นุ่มหนึบ ,0
อร่อย มีกลิ่นหอมของพริกคั่ว,0
อร่อย​ หอม​ เข็มข้นมาก,0
อร่อย หาทานได้ยาก ,0
อร่อย ใหม่มากเลย ,0
อร่อยๆๆๆๆๆๆๆๆๆๆๆๆๆๆๆๆๆๆๆๆๆๆๆๆๆๆๆๆๆๆๆๆๆๆๆๆๆๆๆๆ,0
อร่อยกรอบกอมหวาน เอาดาวไปเลยครับ,0
อร่อยครับ หยุดทานไม่ได้เรย หอมอร่อย ถูกใจ,0
อร่อยคะ เค็มกำลังดี กินเฉยๆก็อร่อย,0
อร่อยค่ะ แฟนชอบมากกกก อุดหนุนอีกแน่นอนจ้าาาาาาาาา ,0
อร่อยค่ะ....รสชาติเข้มข้น.....แพ้คห่อสินค้ามาอย่างดี,0
อร่อยค่ะ..ชอบ ใว้จะสั่งอีก,0
อร่อยคะไม่หวานมาก,0
อร่อยค่ะหวานกำลังดี,0
อร่อยคุ้มค่า,0
อร่อยดี,0
อร่อยดี กินกับกาแฟดำ เข้ากันดีมาก ,0
อร่อยดี ไว้จะสั่งอีก,0
อร่อยดีค่ะ กินเพลินๆ ,0
อร่อยดีคะ ไม่เคยกินมาก่อนเลยไม่รุ้ว่าแบบไหนที่อร่อย ,0
อร่อยดีใช้ได้ซื้อตอนลดราคาถูกมาก,0
อร่อยดีมากคับ  ,0
อร่อยดีราคาถูก....ส่งไว,0
อร่อยถูกใจทั้งครอบครัวค่ะ,0
อร่อยถูกปากกรอบอร่อย ส่งของไวมากๆค่ะ ,0
อร่อยทั้งปลาหมึกทั้งกุนเชียงค่าาา คอนเฟิร์ม,0
อร่อยทุกอย่างค่ะ ที่บ้านชอบมาก  ,0
อร่อยนิ่มไม่เเข็ง ,0
อร่อยแปลกๆดี,0
อร่อยมาก,0
อร่อยมาก กรอบใหม่ หมดแล้วต้องสั่งอีก ,0
อร่อยมากๆชอบๆๆไว้ซื้ออีก,0
อร่อยมากกกกกก ส่งไว ของใหม่  ,0
อร่อยมากกกกกกกกกกกกกกกก กรอบบบบบบบบบบบบบบบบบบบบ,0
อร่อยมากกกกค่ะ การจัดส่งก็รวดเร็วมากค่ะ ,0
อร่อยมากค่ะ ส่งไวมาก หมดแล้วจะสั่งอีก,0
อร่อยมากค่ะ หอมหวาน สุกง่าย ,0
อร่อยมากจ้า ,0
อร่อยมากเลยค่ะ ไม่ต้องขับรถไปชื้อเองสั่งมาหลายอย่างเลยค่ะ,0
อร่อยสมคำล่ำลือ,0
อร่อยเหมือนเดิม ,0
อ้วนทุกฝัก  เม็ดสวยมาก  ส่งเร็วมาก  เม็ดอวบตึงสดเหมือนไปเก็บเอง,0
ออกเค็มไปนะค่ะ,1
ออกจะแฉะแล้วก็ไม่ค่อยเป็นเม็ดค่ะ,1
อัธยาศัยดีค่ะ,0
อันนี้อร่อย ของชอบเลย,0
อาจจะไม่ถูกปากเท่าไหร่ค่ะ,1
อินทผาลัมคุณภาพดีค่ะ สะอาด ใหม่,0
อุส่าแถมสะตอมาให้ด้วยน่ารักมากเลยค่ะ อุดหนุนอีกแน่นอนจ้า,0
เอ้ย มันใช่เหรอ,1
เอวกางเกงเย็บไม่ค่อยดีค่ะ,1
เอาของเก่ามาให้,1
เอาเป็นว่ายังไงก็รับไม่ได้กับอาหารที่มาพร้อมมดแบบนี้นะคะ,1
เอามากินเล่นได้เลยกรอบอร่อยอมหวานนิดๆ ,0
เอามาทำกับข้าวไม่อร่อย ,1
แอบขมไปนิดหน่อยครับ,1
แอบผิดหวังกับลายค่ะ ลายเกิน ไม่หวานเลยสักนิด,1
แอบผิดหวังเล็กๆกับสินค้า,1
แอบมีกลิ่นเหม็นหืน ,1
แอบหย่อนกิโลไปนิด,1
แอบเหม็นค่ะ ,1
โอกาศหน้าจะต้องสั่งอีกแน่ๆ,0
โอเครเลยราาคาานี้ หมดแล้วจะสั่งอีกนะคะ ชอบบบบบบคะ ชอบบบบบบบบบบบ,0
โอเคเลยครับ,0
เเพ้คของไม่ดี ในรูปคือซีนดูดีมาก เเต่พอได้รับ คนละเเบบเลย,1
เเพ็คมาน่าเกลียด ,1
เเพ็คห่อมาเเน่นหนาดีมาก ,0